position,type_aa,x,y,z,hydrophobe,acces_solvant
"('A', 10)",TRP,9.955,-10.847,10.224,True,0.573
"('A', 11)",ILE,11.405,-12.985,7.452,True,0.467
"('A', 12)",TRP,8.752,-11.715,5.029,True,0.322
"('A', 80)",TRP,-0.173,0.599,10.735,True,0.511
"('A', 116)",GLY,-6.935,9.113,0.177,True,0.345
"('A', 117)",ILE,-10.387,8.018,1.384,True,0.55
"('A', 120)",GLY,-7.826,6.732,5.398,True,0.405
"('A', 124)",VAL,-9.508,3.919,10.764,True,0.43
"('A', 131)",TYR,-15.349,-5.382,15.994,True,0.36
"('A', 133)",TYR,-17.546,-1.331,12.953,True,0.595
"('A', 136)",VAL,-18.105,-0.733,8.231,True,0.535
"('A', 137)",TRP,-14.88,1.224,7.56,True,0.396
"('A', 140)",ILE,-16.314,2.132,2.719,True,0.444
"('A', 187)",VAL,-9.745,-9.829,0.771,True,0.577
"('A', 191)",ILE,-9.617,-12.758,6.358,True,0.331
"('A', 197)",GLY,-8.337,-13.297,12.018,True,0.595
"('A', 198)",ILE,-8.491,-16.471,9.947,True,0.734
"('A', 203)",ILE,1.11,-15.76,6.357,True,0.396
